feature,importance_mean,importance_std
az_p2p,0.03655820473825742,0.0013645020626147928
acc_mag_std,0.028279686305366127,0.0008199790481434815
az_p90,0.020589371874563243,0.0003588600458008511
gyro_mag_min,0.017016872521423743,0.000767635239416476
az_max,0.015753393893029165,0.0002756946231388876
acc_mag_mad,0.015627670376737558,0.0006859953230877779
gy_rms,0.015408760901915518,0.0013073101565798286
ay_max,0.012232834170871554,0.0003731433588759482
az_std,0.009155879806054656,0.0009895903147477713
ax_min,0.008963774644432165,0.0011251792423926537
acc_horiz_min,0.00859276081924798,0.00041562226423879175
jerk_mag_max,0.0060353594089914255,0.0002303943199162442
acc_mag_p90,0.005729193080650253,0.0007487712410524492
ay_mean,0.004914928347515701,0.0005193123169474719
jerk_mag_p90,0.0048973982034304035,0.0004646019911067776
gy_median,0.00429484591853877,0.0002700978221575923
jerk_mag_rms,0.003889768105762603,0.0004276359455423687
gyro_mag_median,0.003869404689960931,0.0002497512914666737
alpha_mag_p10,0.003857829896013598,0.0007299878167204922
acc_horiz_median,0.00382833869735828,0.0004041070532692693
ax_p90,0.0037891018506993833,0.0005192581706055805
gyro_mag_max,0.00323475363289587,0.00043356479928059575
jerk_mag_mean,0.003055175542975852,0.0003407616843840855
ay_median,0.0029401256397177944,0.0005607419899551356
acc_mag_min,0.0025527978172501077,0.0004723635948622337
gyro_mag_p90,0.0025156121107698937,0.00037662902020294046
ay_spec_centroid,0.0021883466466232847,0.0004882731856328921
acc_mag_max,0.0021668064452157187,0.000293670685809907
az_rms,0.0020773080279451904,0.0001931097732125234
ax_median,0.00207380358516005,0.00032588238664339487
gyro_mag_mean,0.0019574308057602073,0.0004155138461829065
acc_mag_p2p,0.0018491090102615848,0.00039835625078563785
ay_rms,0.00176884938574835,0.00020727352929970317
jerk_mag_std,0.0017578117107610147,0.00024327757463762714
acc_mag_rms,0.0016684477562000978,7.867751067546825e-05
az_p10,0.0016489764571746112,0.00038194543773547673
acc_horiz_max,0.0015760709310312037,0.00017593987581265592
gyro_mag_p2p,0.001516621837972809,0.00020279611593721587
acc_mag_mean,0.0015077444561877762,0.00031784964073030826
acc_horiz_p10,0.0014259974620085326,0.00046714503178561204
alpha_mag_mad,0.001297211261026976,0.00018830906727479986
gy_min,0.0012186854910905432,0.00029550187166136656
gy_p90,0.0010991346207125164,0.0003645190015938823
alpha_mag_mean,0.0010716426609805652,0.0003500110554352916
gy_dom_freq,0.001040362593964006,0.00023024203116584732
acc_mag_median,0.0010366178108570212,0.0005484361453301792
az_min,0.0010357419399072755,0.00025791786965033696
ay_p10,0.0010300717573558105,0.0005461338529067246
gx_std,0.0010227941456480093,0.00035926761226246786
acc_horiz_skew,0.0010164504755045822,0.0005303655172612657
acc_horiz_p90,0.0010103341360688579,0.0003351282481758748
gyro_mag_iqr,0.0010058338000240585,8.418980081772426e-05
gy_max,0.0009923388496683838,0.0004755271348635004
jerk_motion_intensity,0.0009776551539361523,0.0001089847233713677
ay_std,0.0009371098549576962,0.00012456166431413482
jerk_mag_p10,0.000923049981211399,0.001023905586512643
jerk_mag_iqr,0.0008909849730973418,0.0001756372516528572
gy_mean,0.0006434492972197337,0.0003619438638826555
alpha_mag_max,0.0006169700470491923,0.0003105193648689691
alpha_mag_power_low,0.0005812564402510212,0.00026014590574143496
vibration_power,0.0005644891422016852,0.00010480783971082616
ax_dom_freq,0.0005398451100298463,0.00013138370705682162
ay_kurt,0.00052191792011953,0.00010970727187014475
acc_horiz_iqr,0.00048010399495905797,0.0002063198739763895
gyro_mag_std,0.00046851932911489146,0.00012452057999562806
jerk_mag_mad,0.0004678524752233626,0.00017368764119692778
gyro_mag_spec_centroid,0.00042774713049189563,0.0001314670575875641
ay_iqr,0.0003989767939527766,8.409625810130368e-05
jerk_mag_p2p,0.0003845781040249241,0.00011135238621765424
gyro_mag_dom_freq,0.00034174506922408644,7.166457147889257e-05
ax_rms,0.0003216398404388032,8.47688874923822e-05
gx_skew,0.0003214080737082625,0.0001192985730340268
jerk_mag_spec_centroid,0.0003135482028116643,0.00037222879531589897
alpha_z_min,0.00030044813999281496,0.0001746182550844373
jerk_mag_median,0.00029511215469757435,0.0005220174869044804
alpha_mag_p90,0.00028387866643981853,0.000255994839887173
acc_horiz_rms,0.00027264329128791066,7.102158925259752e-05
jerk_mag_skew,0.00026418295761956314,9.82546365291609e-05
alpha_mag_kurt,0.0002381511182671936,0.00015714791608621638
az_median,0.00023449554411865138,0.000526256557251939
az_skew,0.000189247857280761,9.453671763818476e-05
acc_mag_p10,0.00018851990789507943,0.0008921068691739648
gyro_mag_skew,0.00013622121738121606,9.61678685754883e-05
gz_mean,0.00012078476222556755,4.0213864272828776e-05
gyro_mag_kurt,0.00011754016514942123,5.328026393780073e-05
az_iqr,0.00011565102460826537,0.0003475321365759754
acc_mag_power_low,0.00010304144367638824,0.00013110928249438915
gz_power_low,0.00010159750322131788,7.150689822074761e-05
gyro_mag_rms,8.134793848550981e-05,7.694224670361687e-05
acc_horiz_dom_freq,7.44213428990781e-05,9.713995883100107e-05
alpha_mag_dom_freq,7.37325012978296e-05,2.0927335074042803e-05
acc_mag_skew,7.29875252884149e-05,0.00020796731810525168
alpha_z_skew,7.180921449287947e-05,5.7951011557941095e-05
gz_p90,7.106968273686842e-05,4.080305736775439e-05
ay_dom_freq,7.020133781732163e-05,6.771979472698212e-05
gz_std,6.92349261866676e-05,8.995823736890728e-05
az_mean,6.776606769083315e-05,0.0001294352331568278
alpha_z_spec_centroid,6.763709011270436e-05,2.6854874610632135e-05
ax_spec_centroid,6.362352142603722e-05,0.00038540873442380195
acc_mag_dom_freq,5.8163681717160463e-05,0.00012826411392144826
alpha_z_power_high,5.725829347391631e-05,3.785496889329311e-06
alpha_z_rms,4.98538320073072e-05,3.435278299104065e-05
alpha_z_dom_freq,4.5493141948593775e-05,1.6562514576431034e-05
ay_power_high,4.43824871425802e-05,2.593536013188324e-05
gz_rms,2.7289045430367587e-05,4.295197825386249e-06
alpha_z_std,2.4817436839619233e-05,4.047318037789971e-05
acc_mag_power_high,2.228894320839281e-05,9.470974785932219e-06
alpha_z_kurt,1.876940686669215e-05,1.1302892442355862e-05
gz_spec_centroid,1.4970355163046456e-05,8.461111612288379e-06
gx_power_high,4.636066781027459e-06,2.2771019744642308e-05
gz_kurt,3.840193481030596e-06,1.6965396523216427e-05
gz_min,3.410235995660038e-06,2.784446030699541e-06
gyro_mag_zcr,0.0,0.0
gz_median,0.0,0.0
gz_power_high,0.0,0.0
acc_mag_zcr,0.0,0.0
alpha_z_median,0.0,0.0
alpha_z_mad,0.0,0.0
alpha_z_zcr,0.0,0.0
alpha_mag_zcr,0.0,0.0
jerk_mag_zcr,0.0,0.0
acc_horiz_zcr,0.0,0.0
alpha_z_mean,0.0,0.0
az_zcr,0.0,0.0
ax_power_high,0.0,0.0
ax_zcr,0.0,0.0
gy_zcr,0.0,0.0
gz_iqr,0.0,0.0
gz_mad,0.0,0.0
gz_dom_freq,0.0,0.0
gz_zcr,0.0,0.0
jerk_mag_power_high,0.0,0.0
gyro_mag_power_high,0.0,0.0
gy_power_high,0.0,0.0
gx_zcr,0.0,0.0
ay_zcr,0.0,0.0
az_power_high,0.0,0.0
gy_spec_centroid,-1.8734017467991749e-06,0.0002655207561770652
az_mad,-1.91598776940749e-05,0.00015910009577213557
alpha_mag_rms,-2.4002150190560734e-05,0.0002552274430264275
alpha_z_power_low,-2.522487796630113e-05,2.6597356376010455e-05
ax_std,-2.7553959504800217e-05,0.0002458386099727584
alpha_z_p10,-3.6021562715471414e-05,5.176049333325694e-05
gyro_mag_power_low,-6.149649782405398e-05,0.00013095051314985026
gy_power_low,-6.979100634760816e-05,0.00012258889443241827
alpha_mag_p2p,-8.74163733594946e-05,6.52235230872549e-05
alpha_mag_spec_centroid,-8.934511754650209e-05,0.00010728364551876039
gyro_mag_p10,-9.224662373346071e-05,0.0007906617957668022
ax_p2p,-0.00010259035685520335,0.0004898953599257573
gz_skew,-0.00010611251255534526,2.4141919947393692e-05
jerk_mag_power_low,-0.00010761591946208959,0.00011880887288482276
alpha_mag_skew,-0.00010855056791474471,9.988446234081198e-05
gz_p10,-0.00010931594875385198,7.41777321344453e-06
acc_horiz_power_low,-0.0001221195741015979,7.904167166511181e-05
alpha_z_iqr,-0.00012508116248830526,0.0002441733226063087
acc_mag_kurt,-0.0001335750062897878,0.00016863921637074957
jerk_mag_dom_freq,-0.0001427785203311771,0.00016843574794129108
ax_kurt,-0.0001529611293535682,0.0001334719312520578
alpha_mag_power_high,-0.00015775741645163155,8.560922626501572e-05
gy_skew,-0.00018667996827419485,0.00011103359266077315
ay_power_low,-0.00021011155555124007,0.00010646933695004115
alpha_z_p2p,-0.00021579367538755446,6.008545903078876e-05
gx_p2p,-0.00021791833483766342,0.00035417676690784896
ax_power_low,-0.0002465701949512011,0.0003308817168479691
acc_horiz_power_high,-0.0002761736099088141,6.0832181607921684e-05
gz_max,-0.0002799076823092994,0.0001281291496252389
az_kurt,-0.00028345973759349443,0.00019608854264420103
az_power_low,-0.0002836004342728904,5.075882076442388e-05
acc_horiz_std,-0.0003322159102307376,0.00023053929224514547
ay_skew,-0.0003364200337836687,0.00013320518049619813
acc_horiz_kurt,-0.0003397881941645142,0.000141758531191188
jerk_mag_kurt,-0.0003512016523268269,0.00010354618832258471
gx_dom_freq,-0.00035484840225081805,7.18864862774505e-05
ax_max,-0.0003600489597958445,0.0006592738989886579
acc_horiz_mad,-0.00037582558807354173,0.00013807424064005277
ax_mad,-0.0003786902865017261,6.554261239638685e-05
gx_kurt,-0.0003833932357572234,0.00021307890304655093
ax_skew,-0.000393630935625322,0.00014908471812367574
az_dom_freq,-0.0003958175599796165,0.00010115088239013667
gy_kurt,-0.0004000447826586484,0.00018637080330801258
gx_mean,-0.00042467374892707355,0.00032462543316258375
alpha_z_p90,-0.00045993164489068763,0.0001269910878833946
gz_p2p,-0.0004913702067049774,9.260902613431016e-05
acc_horiz_p2p,-0.0006007851358194704,9.025544582642623e-05
acc_horiz_spec_centroid,-0.000638501090979493,0.00017011730425349662
acc_horiz_mean,-0.0006638805877843046,0.00014066280546607231
acc_mag_iqr,-0.0006907825746070406,0.0002038199940768617
gyro_mag_mad,-0.0006974051054775332,0.00012281041980711805
ay_mad,-0.0007177298886742234,0.00013453398541221317
alpha_mag_std,-0.0007299149061634758,6.904953463661178e-05
ax_p10,-0.0007922180297920356,0.0005437651108435259
ay_p2p,-0.0008236440558754277,0.0006506149855081794
acc_mag_spec_centroid,-0.0008905357516797441,0.0002958113731396042
alpha_mag_iqr,-0.000971351413189181,0.00010454240144550684
alpha_mag_min,-0.001030916969437623,0.0006498797230060433
alpha_z_max,-0.0011432903867421684,0.00015146846570707792
gy_mad,-0.0013327430517832584,0.00020010705097793462
ax_mean,-0.0013970407970473886,0.00043903107973825717
gx_p10,-0.0014859860767537203,0.0006170364198927752
az_spec_centroid,-0.001735076667085478,0.00044348921511407476
ax_iqr,-0.001745726973485784,0.00022285459291670516
ay_min,-0.001844104034345384,0.0005907221293671339
gx_p90,-0.0019404548684388123,0.0004494124164525651
gy_p10,-0.0025906217738683734,0.0005156796831170032
gx_median,-0.002622210359660637,0.0005128954190161622
gx_iqr,-0.002907745423669628,0.0005783355793525084
curv_ratio,-0.002993067843936492,0.00014257336190292536
jerk_mag_min,-0.003132517020083303,0.0004931771331946981
gx_min,-0.003169371535467902,0.0004594200181902211
gx_spec_centroid,-0.0032873435724619427,0.0005053442626283683
ay_p90,-0.003695298900073962,0.001040978047923587
gy_std,-0.005139808842761462,0.0005084567731268705
gy_p2p,-0.005558663969673217,0.0008882600260371262
gx_power_low,-0.005676449533405426,0.0016459093408616517
gx_mad,-0.0067336262688479035,0.00033890064440211473
gx_max,-0.006803189981707658,0.00141995703756873
gy_iqr,-0.007709711968575461,0.0006111390372327403
alpha_mag_median,-0.011125835538625695,0.0019947606833956764
gx_rms,-0.017005637503999704,0.0016484812378164233
